{"cameraMode":{"drawMode":0,"name":"Shaded","section":"Shading Mode"},"sceneLighting":true,"audioPlay":false,"sceneViewState":{"showFog":true,"showMaterialUpdate":true,"showSkybox":true,"showFlares":true,"showImageEffects":true,"showParticleSystems":true},"in2DMode":false,"pivot":{"x":20.40015411376953,"y":23.705617904663087,"z":16.928020477294923},"rotation":{"x":-0.06635108590126038,"y":0.18715454638004304,"z":0.012671742588281632,"w":0.9800052046775818},"size":68.03048706054688,"orthographic":false}