{"cameraMode":{"drawMode":0,"name":"Shaded","section":"Shading Mode"},"sceneLighting":false,"audioPlay":false,"sceneViewState":{"showFog":true,"showMaterialUpdate":true,"showSkybox":false,"showFlares":true,"showImageEffects":true,"showParticleSystems":true},"in2DMode":false,"pivot":{"x":0.00007446273230016232,"y":-0.0001716972328722477,"z":0.0038999998942017557},"rotation":{"x":0.2099054604768753,"y":0.2153238207101822,"z":-0.04744591563940048,"w":0.9525356888771057},"size":0.009812882170081139,"orthographic":true}